{
  "ticker": "AAPL",
  "timestamp": "2026-03-28T14:29:18.962322",
  "svi_params": {
    "a": 0.0061403388830450914,
    "b": 0.03972124300215508,
    "rho": -0.9899999999999927,
    "m": 0.044576338818001174,
    "sigma": 0.03648119907831339,
    "forward": 253.9209764595002,
    "T": 0.09041095890410959
  },
  "strikes": [
    210.0,
    220.0,
    225.0,
    230.0,
    235.0,
    240.0,
    245.0,
    250.0,
    255.0,
    260.0,
    265.0,
    270.0,
    275.0,
    280.0,
    285.0,
    290.0,
    295.0,
    300.0,
    305.0,
    315.0
  ],
  "ivs": [
    0.4810858380886289,
    0.4336022578475417,
    0.23758768138010558,
    0.4413455966238178,
    0.2679062685458255,
    0.4200812127425741,
    0.3775074823993981,
    0.32263450222019163,
    0.33314085743128385,
    0.3042531935479796,
    0.29090109428130373,
    0.28279802570670626,
    0.27609958063029005,
    0.2665047868598659,
    0.27222350566520614,
    0.27320219458035905,
    0.2372459223499102,
    0.26649629784727125,
    0.2707145999485087,
    0.2537143740685952
  ],
  "excluded_indices": [],
  "added_quotes": [],
  "atm_iv": 0.33068712462040156,
  "forward": 253.9209764595002,
  "T": 0.09041095890410959,
  "bs_m": -0.0049433988422745165,
  "bs_s": 0.09943237744592569
}