{
  "ticker": "AMZN",
  "timestamp": "2026-03-28T14:32:46.005647",
  "svi_params": {
    "a": 0.003845859293377885,
    "b": 0.05158462600657919,
    "rho": -0.9899946878593971,
    "m": 0.03488595921698502,
    "sigma": 0.27111500667612715,
    "forward": 208.38608832615657,
    "T": 0.09041095890410959
  },
  "strikes": [
    175.0,
    190.0,
    195.0,
    200.0,
    205.0,
    210.0,
    215.0,
    220.0,
    225.0,
    230.0,
    235.0,
    240.0,
    245.0,
    250.0,
    255.0,
    260.0,
    265.0
  ],
  "ivs": [
    0.6065756129193106,
    0.637646940758319,
    0.6234727624073305,
    0.4941105096424593,
    0.4853220634719015,
    0.45392151002917913,
    0.4481690626757398,
    0.43366768785254056,
    0.4193598694381303,
    0.4057826825408784,
    0.3994509523630291,
    0.39799908435384757,
    0.3953064806924307,
    0.3854804951714313,
    0.39524726742632854,
    0.4240964750126943,
    0.3960376181372152
  ],
  "excluded_indices": [
    1,
    2
  ],
  "added_quotes": [],
  "atm_iv": 0.4618945141779195,
  "forward": 208.38608832615657,
  "T": 0.09041095890410959,
  "bs_m": -0.009644432730839257,
  "bs_s": 0.13888436003264915
}