{
  "ticker": "GOOGL",
  "timestamp": "2026-03-28T14:32:19.052321",
  "svi_params": {
    "a": 0.0068476589735915975,
    "b": 0.06729907830538606,
    "rho": -0.9899958588717788,
    "m": -0.19999642071858673,
    "sigma": 0.2340228948570564,
    "forward": 282.06526271796116,
    "T": 0.09041095890410959
  },
  "strikes": [
    265.0,
    270.0,
    275.0,
    280.0,
    285.0,
    290.0,
    295.0,
    300.0,
    305.0,
    310.0,
    315.0,
    320.0,
    325.0,
    330.0,
    335.0,
    340.0,
    345.0,
    350.0,
    355.0,
    360.0,
    365.0,
    370.0,
    375.0
  ],
  "ivs": [
    0.519505813330658,
    0.5278221746671751,
    0.40307697090273664,
    0.38325335698530183,
    0.4109897307612675,
    0.39214922781088546,
    0.380956194702329,
    0.37823554825475314,
    0.3773368536629716,
    0.3696974162998725,
    0.3572228205209041,
    0.3615484665733132,
    0.35858635429048996,
    0.3537380462724468,
    0.36002268353564426,
    0.36382553083793584,
    0.3635685403052804,
    0.3706075359068104,
    0.38295422638151255,
    0.41168544978593374,
    0.39176662723006983,
    0.3909851371410314,
    0.42918048414983345
  ],
  "excluded_indices": [
    0,
    1
  ],
  "added_quotes": [
    [
      263.7865942333401,
      0.42435277835863366
    ]
  ],
  "atm_iv": 0.3992539280974645,
  "forward": 282.06526271796116,
  "T": 0.09041095890410959,
  "bs_m": -0.007205920644303325,
  "bs_s": 0.1200493285637477
}