{
  "ticker": "GS",
  "timestamp": "2026-03-28T14:34:52.307626",
  "svi_params": {
    "a": 0.004271231537532093,
    "b": 0.03567896860860638,
    "rho": -0.8660674072678797,
    "m": 0.06130891035932001,
    "sigma": 0.2933896191797699,
    "forward": 825.9937375868376,
    "T": 0.09041095890410959
  },
  "strikes": [
    760.0,
    770.0,
    780.0,
    785.0,
    790.0,
    800.0,
    810.0,
    820.0,
    830.0,
    835.0,
    845.0,
    850.0,
    855.0,
    860.0,
    875.0,
    880.0,
    885.0,
    890.0,
    895.0,
    900.0,
    905.0,
    910.0,
    915.0,
    920.0,
    925.0,
    930.0,
    935.0,
    950.0,
    960.0,
    975.0
  ],
  "ivs": [
    0.27125568275630346,
    0.424060921882593,
    0.31475913179025566,
    0.3941499668830347,
    0.42804176493630236,
    0.45169706780699026,
    0.43206979256181804,
    0.568924541323576,
    0.43582374688685716,
    0.3471133642565024,
    0.4233447271078028,
    0.3545866843791791,
    0.42069229829508015,
    0.48562090162866045,
    0.39895390802934333,
    0.3916514057820601,
    0.34564056078399347,
    0.4582592624014532,
    0.49016600232434215,
    0.40557791158252415,
    0.38004684073709294,
    0.38662076620752184,
    0.39349490288664185,
    0.40366515652119556,
    0.4041911860677242,
    0.3594116281205547,
    0.3537617145500234,
    0.42084983826311845,
    0.36213312113960655,
    0.40495058476366264
  ],
  "excluded_indices": [
    2,
    0,
    7,
    18,
    13,
    17,
    28,
    26,
    25,
    20,
    16,
    11,
    9,
    3,
    1
  ],
  "added_quotes": [
    [
      757.6283432742557,
      0.47671671829143464
    ]
  ],
  "atm_iv": 0.42947467465951267,
  "forward": 825.9937375868376,
  "T": 0.09041095890410959,
  "bs_m": -0.008338082703751387,
  "bs_s": 0.12913622809848044
}