{
  "ticker": "JPM",
  "timestamp": "2026-03-28T14:33:34.190229",
  "svi_params": {
    "a": 3.157664129586409e-07,
    "b": 0.010118941934096123,
    "rho": -0.9899709606115448,
    "m": 0.19996754824445667,
    "sigma": 0.6483781021998096,
    "forward": 292.8490375372893,
    "T": 0.09041095890410959
  },
  "strikes": [
    275.0,
    280.0,
    285.0,
    290.0,
    295.0,
    300.0,
    305.0,
    310.0,
    315.0,
    320.0,
    325.0,
    330.0
  ],
  "ivs": [
    0.24815647198029334,
    0.42572303405584744,
    0.3960589937601334,
    0.31239803975148855,
    0.3250404494533528,
    0.3543009681157508,
    0.2960240589336381,
    0.29411070220037894,
    0.2385167304077775,
    0.2677965091376342,
    0.2801198888228541,
    0.2608345405902511
  ],
  "excluded_indices": [],
  "added_quotes": [],
  "atm_iv": 0.3115315975430554,
  "forward": 292.8490375372893,
  "T": 0.09041095890410959,
  "bs_m": -0.004387279310732921,
  "bs_s": 0.0936726140420232
}