{
  "ticker": "MSFT",
  "timestamp": "2026-03-28T14:31:42.846249",
  "svi_params": {
    "a": 0.0046981413162228884,
    "b": 0.022085129798803026,
    "rho": -0.9891411006828124,
    "m": 0.006121477658535506,
    "sigma": 0.3647184459630376,
    "forward": 367.4619806600752,
    "T": 0.09041095890410959
  },
  "strikes": [
    300.0,
    340.0,
    350.0,
    360.0,
    365.0,
    370.0,
    375.0,
    380.0,
    385.0,
    390.0,
    395.0,
    400.0,
    405.0,
    410.0,
    415.0,
    420.0,
    425.0,
    430.0,
    435.0,
    440.0,
    445.0,
    450.0,
    455.0,
    460.0,
    465.0,
    470.0,
    475.0,
    480.0,
    485.0,
    490.0
  ],
  "ivs": [
    0.7029215829635432,
    0.4522688797533995,
    0.39413387688911583,
    0.39312234957753184,
    0.3840854517892865,
    0.3756257656571671,
    0.37035257492020623,
    0.36853327505639305,
    0.3629183526570426,
    0.35196603975199886,
    0.3512338068715618,
    0.3465445584612779,
    0.34815789122180857,
    0.3508817532858795,
    0.3492059298247454,
    0.3484985116892715,
    0.3456727510573119,
    0.3507541570783027,
    0.35443793546657354,
    0.3554724190043129,
    0.36367133103372173,
    0.35993645260456486,
    0.36616290120999173,
    0.38074933236770403,
    0.4091954356447005,
    0.40823467472987046,
    0.3829347742125956,
    0.41385532803325537,
    0.4780085165531244,
    0.42064670734818344
  ],
  "excluded_indices": [
    0,
    1,
    11,
    28,
    24,
    25,
    27,
    29,
    18,
    3,
    4,
    7,
    8,
    10,
    9
  ],
  "added_quotes": [
    [
      321.94173516964145,
      0.43206903185935247
    ],
    [
      310.84829005124664,
      0.44596335985701613
    ],
    [
      427.3294637943924,
      0.3434926908742465
    ],
    [
      424.68816733763174,
      0.3434926908742465
    ],
    [
      437.36639033008294,
      0.3573870188719102
    ],
    [
      434.19683458197017,
      0.3608606008713261
    ],
    [
      433.9327049362941,
      0.34870306387337036
    ],
    [
      397.2186841873207,
      0.35530057891566025
    ]
  ],
  "atm_iv": 0.3753292125634453,
  "forward": 367.4619806600752,
  "T": 0.09041095890410959,
  "bs_m": -0.006368187106185433,
  "bs_s": 0.11285554577587609
}