{
  "ticker": "SPY",
  "timestamp": "2026-03-28T14:29:07.130378",
  "svi_params": {
    "a": 0.0034327625452664403,
    "b": 0.08259754593489908,
    "rho": -0.6410831041529422,
    "m": -0.025241045602883226,
    "sigma": 0.04084920886755905,
    "forward": 647.6400664717545,
    "T": 0.08767123287671233
  },
  "strikes": [
    620.0,
    622.0,
    623.0,
    624.0,
    625.0,
    628.0,
    629.0,
    630.0,
    631.0,
    634.0,
    635.0,
    636.0,
    637.0,
    638.0,
    639.0,
    640.0,
    641.0,
    642.0,
    643.0,
    644.0,
    645.0,
    646.0,
    647.0,
    648.0,
    649.0,
    650.0,
    651.0,
    652.0,
    653.0,
    654.0
  ],
  "ivs": [
    0.2901678952274239,
    0.158133528408675,
    0.38894104724262696,
    0.3606817730570912,
    0.2920842237404584,
    0.32649632789160793,
    0.5798480161773113,
    0.2644566737361744,
    0.5431879326399616,
    0.3254149039455851,
    0.2715214770635705,
    0.3104887712179364,
    0.37433810861490674,
    0.2867553997021673,
    0.2578290568639289,
    0.28659305429068577,
    0.25595133966995043,
    0.32449014334669674,
    0.2469156006749494,
    0.24530881318013617,
    0.2731178705753716,
    0.2642136094800437,
    0.2703430939286813,
    0.264870488770356,
    0.27032680552567306,
    0.2614411020973897,
    0.2397116224356389,
    0.2830796042055283,
    0.23494539760871688,
    0.2588513335242087
  ],
  "excluded_indices": [
    6,
    8,
    2,
    12,
    17,
    1,
    9,
    3
  ],
  "added_quotes": [
    [
      618.8672727127175,
      0.3184924824071967
    ]
  ],
  "atm_iv": 0.2628517840247093,
  "forward": 647.6400664717545,
  "T": 0.08767123287671233,
  "bs_m": -0.0030286492214782437,
  "bs_s": 0.07782864795791128
}