{
  "ticker": "TSLA",
  "timestamp": "2026-03-28T14:33:20.360521",
  "svi_params": {
    "a": 0.01785257221490998,
    "b": 0.054119597311818264,
    "rho": -0.9899999999887669,
    "m": 0.04049348629547091,
    "sigma": 0.03809061609637004,
    "forward": 373.6269961597647,
    "T": 0.09041095890410959
  },
  "strikes": [
    300.0,
    315.0,
    325.0,
    340.0,
    345.0,
    350.0,
    355.0,
    360.0,
    365.0,
    370.0,
    375.0,
    380.0,
    385.0,
    390.0,
    395.0,
    400.0,
    405.0,
    410.0,
    415.0,
    420.0,
    425.0,
    430.0,
    435.0,
    440.0,
    445.0,
    450.0,
    455.0,
    460.0,
    465.0,
    470.0
  ],
  "ivs": [
    0.6808589774284514,
    0.9431591370914161,
    0.8750499511118611,
    0.6459871404130623,
    0.6635962858112181,
    0.5390266178589549,
    0.557060336630532,
    0.5215599733716673,
    0.568466312579269,
    0.491134866751238,
    0.5067022919080829,
    0.4836137787088912,
    0.4736467339124681,
    0.4685041707376284,
    0.46364214303504053,
    0.4601499285476794,
    0.45423812260974544,
    0.4504387594860829,
    0.44863992121438456,
    0.4452268612829191,
    0.4461780733409386,
    0.4435565403106666,
    0.4486687016457054,
    0.44116337620075285,
    0.444947317503364,
    0.44338763184791335,
    0.44793811791415755,
    0.4489068851943365,
    0.4516852757462496,
    0.45772228870599413
  ],
  "excluded_indices": [
    2,
    1,
    4,
    3,
    0,
    5
  ],
  "added_quotes": [
    [
      304.84061066479774,
      0.6718303012719368
    ],
    [
      301.1996516782519,
      0.7466354173173788
    ]
  ],
  "atm_iv": 0.500996680678345,
  "forward": 373.6269961597647,
  "T": 0.09041095890410959,
  "bs_m": -0.011346470196813353,
  "bs_s": 0.15064176178479427
}