{
  "ticker": "XLF",
  "timestamp": "2026-03-28T14:36:22.696537",
  "svi_params": {
    "a": 0.001984462861549272,
    "b": 0.007964088746518157,
    "rho": -0.9874638473297409,
    "m": 0.1999966644199742,
    "sigma": 0.00016155394716391527,
    "forward": 49.24996532750187,
    "T": 0.09041095890410959
  },
  "strikes": [
    47.5,
    49.0,
    49.5,
    50.0,
    50.5,
    51.0,
    51.5,
    52.0,
    52.5,
    53.0,
    53.5,
    55.0
  ],
  "ivs": [
    0.23827556796691282,
    0.24321305525692447,
    0.23670636565743783,
    0.25720436911124217,
    0.2749509511090255,
    0.224788285090571,
    0.21600492932741644,
    0.2520370578610755,
    0.19416306477625161,
    0.19664345458783897,
    0.2086229239569216,
    0.19493335756062222
  ],
  "excluded_indices": [],
  "added_quotes": [],
  "atm_iv": 0.24052819413857732,
  "forward": 49.24996532750187,
  "T": 0.09041095890410959,
  "bs_m": -0.002615309317525547,
  "bs_s": 0.07232301594272113
}