{
  "ticker": "XLK",
  "timestamp": "2026-03-28T14:36:14.287631",
  "svi_params": {
    "a": 0.008707155528427398,
    "b": 0.06724119073014904,
    "rho": -0.9899999999999999,
    "m": -0.10617091515719447,
    "sigma": 0.04943507265560341,
    "forward": 133.04017344333528,
    "T": 0.09041095890410959
  },
  "strikes": [
    100.0,
    120.0,
    125.0,
    131.0,
    136.0,
    139.5,
    142.5,
    144.0,
    145.0,
    146.0,
    150.0
  ],
  "ivs": [
    0.8854948757533231,
    0.2080497109784521,
    0.744187962763703,
    0.28451703088577285,
    0.269203935757411,
    0.32104641261543204,
    0.36341792593276057,
    0.35805745024407754,
    0.2968884605431702,
    0.304728768176862,
    0.30615493494816054
  ],
  "excluded_indices": [
    2,
    1,
    7,
    3,
    0,
    4
  ],
  "added_quotes": [
    [
      109.15249861553241,
      0.5240225470337397
    ],
    [
      102.74665498602222,
      0.5326753857535892
    ],
    [
      106.36734921139754,
      0.5759395793528358
    ],
    [
      110.96284572822007,
      0.4144199232489815
    ],
    [
      121.0145988044115,
      0.3563397335327755
    ]
  ],
  "atm_iv": 0.3212786200626816,
  "forward": 133.04017344333528,
  "T": 0.09041095890410959,
  "bs_m": -0.004666107406040508,
  "bs_s": 0.09660338923702944
}